{
    "sub_metodos":[
        { "id":0, "metodo":0 },
        { "id":1, "metodo":1 },
        { "id":2, "metodo":1 },
        { "id":3, "metodo":2 },
        { "id":4, "metodo":2 },
        { "id":5, "metodo":2 },
        { "id":6, "metodo":3 },
        { "id":7, "metodo":3 },
        { "id":8, "metodo":3 },
        { "id":9, "metodo":3 }
    ],
    "sinais":[
        { "sub_metodos": [0] },
        { "sub_metodos": [0,2,9] },
        { "sub_metodos": [3,5,8] },
        { "sub_metodos": [1] },
        { "sub_metodos": [3,4] },
        { "sub_metodos": [5] },
        { "sub_metodos": [9,8,7] },
        { "sub_metodos": [9,1,0,6] },
        { "sub_metodos": [0,1,4] },
        { "sub_metodos": [5] },
        { "sub_metodos": [9,8,7] },
        { "sub_metodos": [9,1,0,6] },
        { "sub_metodos": [0,1,4] },
        { "sub_metodos": [5] },
        { "sub_metodos": [9,8,7] },
        { "sub_metodos": [9,1,0,6] },
        { "sub_metodos": [0,1,4] }
    ]
}
