{
    "sub_metodos":[
        { "metodo":0, "total":60 , "parcial":29 },
        { "metodo":1, "total":30 , "parcial":20 },
        { "metodo":1, "total":20 , "parcial":12 },
        { "metodo":2, "total":15 , "parcial":8 },
        { "metodo":2, "total":55 , "parcial":38 },
        { "metodo":2, "total":45 , "parcial":18 },
        { "metodo":3, "total":35 , "parcial":32 },
        { "metodo":3, "total":55 , "parcial":13 },
        { "metodo":3, "total":70 , "parcial":49 },
        { "metodo":3, "total":44 , "parcial":29 }
    ]
}
