
{
	"hubs":[],
	"signals":[],
	"filters":{
		"method":{
			"_pt":"métodos",
			"target":"sig",
			"itens":[
				{	"id":1,
					"hex":"#adcc8f",
					"_pt": "diálogo",
					"about":"Cursus mauris in. Dictumst leo consectetuer nec porttitor gravida leo varius metus. Urna hymenaeos bibendum mi non ultricies egestas pellentesque dolor. Per esse risus. Magna felis facilisis cursus duis pede aliquam scelerisque tortor. Vivamus dictum arcu. Lacus habitasse amet. Tellus arcu taciti morbi aliquam risus vestibulum vehicula mauris consectetuer vel eget. ",
					"itens":[
						{ "_pt":"consulta popular"},
						{ "_pt":"assembléia"},
						{ "_pt":"diálogo social"},
						{ "_pt":"debate público"},
						{ "_pt":"Mediação/Facilitação"},
						{ "_pt":"Circulo de Cidadania"}
					]
				},
				{	"id":2,
					"hex":"#95cc98",
					"_pt": "Mobilização" ,
					"about":"Rutrum iaculis mauris. Nullam fringilla orci. Enim nullam blandit. Pretium aliquam ac integer et iaculis. Eget quis habitasse arcu gravida ut. Vel sit egestas. Consectetuer erat massa. Quis libero malesuada. Imperdiet sollicitudin viverra rutrum diam luctus et nec ultricies aliquam placerat amet eu ut morbi.",
					"itens":[
						{ "_pt":"consulta popular"},
						{ "_pt":"cidadania digital"},
						{ "_pt":"ação cívica"},
						{ "_pt":"ativismo digital"},
						{ "_pt":"campanha"},
						{ "_pt":"manifestações"},
						{ "_pt":"mobilização"}
					]
				},
				{	"id":3,
					"hex":"#7dcaa3",
					"_pt": "Sensibilização" ,
					"about":"Tristique lacinia magna tellus hac aliquam lacinia amet dolor morbi vehicula diam. Maecenas vel semper tortor egestas sapien similique magna enim. Purus placerat a dolor erat volutpat. Curabitur commodo eu. Urna purus nec luctus purus per vestibulum elit habitasse ut pede integer. ",
					"itens":[
						{ "_pt":"Culture Jaming"},
						{ "_pt":"Intervenções"},
						{ "_pt":"Choque Estético"},
						{ "_pt":"Humor/Comédia"},
						{ "_pt":"Atividades Culturais"}
					]
				},
				{	"id":4,
					"hex":"#66c7b0",
					"_pt": "Formação" ,
					"about":"Cursus mauris in. Dictumst leo consectetuer nec porttitor gravida leo varius metus. Urna hymenaeos bibendum mi non ultricies egestas pellentesque dolor. Per esse risus. Magna felis facilisis cursus duis pede aliquam scelerisque tortor. Vivamus dictum arcu. Lacus habitasse amet. Tellus arcu taciti morbi aliquam risus vestibulum vehicula mauris consectetuer vel eget. ",
					"itens":[
						{ "_pt":"Oficina"},
						{ "_pt":"Formação"},
						{ "_pt":"Pedagogia Política"},
						{ "_pt":"Jogo"}
					]
				},
				{	"id":5,
					"hex":"#50c4be",
					"_pt": "Produção de Conhecimento" ,
					"about":"Tristique lacinia magna tellus hac aliquam lacinia amet dolor morbi vehicula diam. Maecenas vel semper tortor egestas sapien similique magna enim. Purus placerat a dolor erat volutpat. Curabitur commodo eu. Urna purus nec luctus purus per vestibulum elit habitasse ut pede integer. ",
					"itens":[
						{ "_pt":"Data viz"},
						{ "_pt":"Análise de dados"},
						{ "_pt":"Index/Indicadores"},
						{ "_pt":"Pesquisa"},
						{ "_pt":"Georreferenciamento"},
						{ "_pt":"Conhecimento Colaborativo"},
						{ "_pt":"Wiki"},
						{ "_pt":"Pesquisa colaborativa e participativa"},
						{ "_pt":"Decodificação"}
					]
				},
				{	"id":6,
					"hex":"#3fbfca",
					"_pt": "levantamento de dados" ,
					"about":"Aptent scelerisque eros. Dui sed purus. Donec id imperdiet. Torquent hac vel. Vulputate tellus volutpat molestie quisque eget lacus est et. Cras wisi vitae justo vivamus justo. Non lorem natoque sed molestie risus. Sit et pellentesque ipsum mi sed. Semper velit dui. Adipiscing purus sed mus vulputate et aliquet ligula mattis. Sit et curabitur class sed nec pellentesque vel habitant. Tincidunt velit proin eget accusantium venenatis. Integer blandit vitae in fringilla elit. ",
					"itens":[
						{ "_pt":"Banco de dados"},
						{ "_pt":"Repositório"},
						{ "_pt":"Big Data"}
					]
				},
				{	"id":7,
					"hex":"#3bb9d4",
					"_pt": "visualização de dados" ,
					"about":"Tristique lacinia magna tellus hac aliquam lacinia amet dolor morbi vehicula diam. Maecenas vel semper tortor egestas sapien similique magna enim. Purus placerat a dolor erat volutpat. Curabitur commodo eu. Urna purus nec luctus purus per vestibulum elit habitasse ut pede integer. ",
					"itens":[
						{ "_pt":"Denúncia"},
						{ "_pt":"Investigação"},
						{ "_pt":"Monitoramento"},
						{ "_pt":"Infoativismo"},
						{ "_pt":"Relatório"},
						{ "_pt":"Cobertura Colaborativa"},
						{ "_pt":"Ação Judicial de interesse público"}
					]
				},
				{	"id":8,
					"hex":"#47b3dc",
					"_pt": "Fomento" ,
					"about":"Aptent scelerisque eros. Dui sed purus. Donec id imperdiet. Torquent hac vel. Vulputate tellus volutpat molestie quisque eget lacus est et. Cras wisi vitae justo vivamus justo. Non lorem natoque sed molestie risus. Sit et pellentesque ipsum mi sed. Semper velit dui. Adipiscing purus sed mus vulputate et aliquet ligula mattis. Sit et curabitur class sed nec pellentesque vel habitant. Tincidunt velit proin eget accusantium venenatis. Integer blandit vitae in fringilla elit. ",
					"itens":[
						{ "_pt":"Legislação participativa"},
						{ "_pt":"Mandato interativo "}
					]
				},
				{	"id":9,
					"hex":"#5cabdf",
					"_pt": "Fiscalização" ,
					"about":"Ut nullam leo quis diam egestas. Elit consequat morbi id eu congue nunc diam ante purus aenean condimentum amet praesent amet. Dolor id sit wisi eget diam pretium eu amet. Quis ante mi. Nunc et quisque. In sed ligula. Mi placerat nulla eu pretium morbi pretium mollis ipsum. Lacus ac vel. Convallis auctor penatibus eu gravida cubilia. Vel pede feugiat.",
					"itens":[
						{ "_pt":"Resident Feedback"},
						{ "_pt":"Governo Eletrônico"},
						{ "_pt":"Mandato interativo"}
					]
				},
				{	"id":10,
					"hex":"#74a2dd",
					"_pt": "consulta" ,
					"about":"Rutrum iaculis mauris. Nullam fringilla orci. Enim nullam blandit. Pretium aliquam ac integer et iaculis. Eget quis habitasse arcu gravida ut. Vel sit egestas. Consectetuer erat massa. Quis libero malesuada. Imperdiet sollicitudin viverra rutrum diam luctus et nec ultricies aliquam placerat amet eu ut morbi.",
					"itens":[
						{ "_pt":"Resident Feedback"},
						{ "_pt":"Governo Eletrônico"},
						{ "_pt":"Mandato interativo"}
					]
				},
				{	"id":11,
					"hex":"#8a99d7",
					"_pt": "participação" ,
					"about":"Cursus mauris in. Dictumst leo consectetuer nec porttitor gravida leo varius metus. Urna hymenaeos bibendum mi non ultricies egestas pellentesque dolor. Per esse risus. Magna felis facilisis cursus duis pede aliquam scelerisque tortor. Vivamus dictum arcu. Lacus habitasse amet. Tellus arcu taciti morbi aliquam risus vestibulum vehicula mauris consectetuer vel eget. ",
					"itens":[
						{ "_pt":"Resident Feedback"},
						{ "_pt":"Governo Eletrônico"},
						{ "_pt":"Mandato interativo"}
					]
				},
				{	"id":12,
					"hex":"#9e8fcc",
					"_pt": "Governo 2.0" ,
					"about":"Ut nullam leo quis diam egestas. Elit consequat morbi id eu congue nunc diam ante purus aenean condimentum amet praesent amet. Dolor id sit wisi eget diam pretium eu amet. Quis ante mi. Nunc et quisque. In sed ligula. Mi placerat nulla eu pretium morbi pretium mollis ipsum. Lacus ac vel. Convallis auctor penatibus eu gravida cubilia. Vel pede feugiat.",
					"itens":[
						{ "_pt":"Resident Feedback"},
						{ "_pt":"Governo Eletrônico"},
						{ "_pt":"Mandato interativo"}
					]
				},
				{	"id":13,
					"hex":"#ae85bd",
					"_pt": "Comunicação" ,
					"about":"Ut nullam leo quis diam egestas. Elit consequat morbi id eu congue nunc diam ante purus aenean condimentum amet praesent amet. Dolor id sit wisi eget diam pretium eu amet. Quis ante mi. Nunc et quisque. In sed ligula. Mi placerat nulla eu pretium morbi pretium mollis ipsum. Lacus ac vel. Convallis auctor penatibus eu gravida cubilia. Vel pede feugiat.",
					"itens":[
						{ "_pt":"Resident Feedback"},
						{ "_pt":"Governo Eletrônico"},
						{ "_pt":"Mandato interativo"}
					]
				},
				{	"id":14,
					"hex":"#ba7dac",
					"_pt": "conexão" ,
					"about":"<p>Vitae dapibus vestibulum. Pellentesque at a. Risus platea tempus. Blandit proin dignissim porta eu ut sollicitudin vel adipiscing. Neque nulla eleifend mauris wisi commodo amet tellus ligula nulla eleifend pellentesque.</p><p>lista, lista, lista, lista, lista e lista.</p>",
					"itens":[
						{ "_pt":"Resident Feedback"},
						{ "_pt":"Governo Eletrônico"},
						{ "_pt":"Mandato interativo"}
					]
				}
			]
		},
		"kind":{
			"_pt": "natureza" ,
			"itens":[
				{"id":1, "_pt":"pessoas", "hex":"#d87d7d", "about":"Ut nullam leo quis diam egestas. Elit consequat morbi id eu congue nunc diam ante purus aenean condimentum amet praesent amet. Dolor id sit wisi eget diam pretium eu amet. Quis ante mi. Nunc et quisque. In sed ligula. Mi placerat nulla eu pretium morbi pretium mollis ipsum. Lacus ac vel. Convallis auctor penatibus eu gravida cubilia. Vel pede feugiat." },
				{"id":2, "_pt":"institutos/fundações", "hex":"#da8278", "about":"Aptent scelerisque eros. Dui sed purus. Donec id imperdiet. Torquent hac vel. Vulputate tellus volutpat molestie quisque eget lacus est et. Cras wisi vitae justo vivamus justo. Non lorem natoque sed molestie risus. Sit et pellentesque ipsum mi sed. Semper velit dui. Adipiscing purus sed mus vulputate et aliquet ligula mattis. Sit et curabitur class sed nec pellentesque vel habitant. Tincidunt velit proin eget accusantium venenatis. Integer blandit vitae in fringilla elit. " },
				{"id":3, "_pt":"Empresas", "hex":"#da8874", "about":"Vitae dapibus vestibulum. Pellentesque at a. Risus platea tempus. Blandit proin dignissim porta eu ut sollicitudin vel adipiscing. Neque nulla eleifend mauris wisi commodo amet tellus ligula nulla eleifend pellentesque." },
				{"id":4, "_pt":"partidos", "hex":"#d98e70", "about":"Tristique lacinia magna tellus hac aliquam lacinia amet dolor morbi vehicula diam. Maecenas vel semper tortor egestas sapien similique magna enim. Purus placerat a dolor erat volutpat. Curabitur commodo eu. Urna purus nec luctus purus per vestibulum elit habitasse ut pede integer." },
				{"id":5, "_pt":"ONGs", "hex":"#d8946e", "about":"Ut nullam leo quis diam egestas. Elit consequat morbi id eu congue nunc diam ante purus aenean condimentum amet praesent amet. Dolor id sit wisi eget diam pretium eu amet. Quis ante mi. Nunc et quisque. In sed ligula. Mi placerat nulla eu pretium morbi pretium mollis ipsum. Lacus ac vel. Convallis auctor penatibus eu gravida cubilia. Vel pede feugiat." },
				{"id":6, "_pt":"Orgãos Não governamentais", "hex":"#d59b6c", "about":"Tristique lacinia magna tellus hac aliquam lacinia amet dolor morbi vehicula diam. Maecenas vel semper tortor egestas sapien similique magna enim. Purus placerat a dolor erat volutpat. Curabitur commodo eu. Urna purus nec luctus purus per vestibulum elit habitasse ut pede integer. " },
				{"id":7, "_pt":"Organismo Multilateral/internacional", "hex":"#d2a16c", "about":"Cursus mauris in. Dictumst leo consectetuer nec porttitor gravida leo varius metus. Urna hymenaeos bibendum mi non ultricies egestas pellentesque dolor. Per esse risus. Magna felis facilisis cursus duis pede aliquam scelerisque tortor. Vivamus dictum arcu. Lacus habitasse amet. Tellus arcu taciti morbi aliquam risus vestibulum vehicula mauris consectetuer vel eget. " },
				{"id":8, "_pt":"Coletivos", "hex":"#cea86d", "about":"Vitae dapibus vestibulum. Pellentesque at a. Risus platea tempus. Blandit proin dignissim porta eu ut sollicitudin vel adipiscing. Neque nulla eleifend mauris wisi commodo amet tellus ligula nulla eleifend pellentesque." },
				{"id":9, "_pt":"Movimentos", "hex":"#caae6f", "about":"Aptent scelerisque eros. Dui sed purus. Donec id imperdiet. Torquent hac vel. Vulputate tellus volutpat molestie quisque eget lacus est et. Cras wisi vitae justo vivamus justo. Non lorem natoque sed molestie risus. Sit et pellentesque ipsum mi sed. Semper velit dui. Adipiscing purus sed mus vulputate et aliquet ligula mattis. Sit et curabitur class sed nec pellentesque vel habitant. Tincidunt velit proin eget accusantium venenatis. Integer blandit vitae in fringilla elit. " },
				{"id":10, "_pt":"Rede (p2p)", "hex":"#c4b573", "about":"Tristique lacinia magna tellus hac aliquam lacinia amet dolor morbi vehicula diam. Maecenas vel semper tortor egestas sapien similique magna enim. Purus placerat a dolor erat volutpat. Curabitur commodo eu. Urna purus nec luctus purus per vestibulum elit habitasse ut pede integer. " },
				{"id":11, "_pt":"Aliança (1+1)", "hex":"#bfbb78", "about":"Ut nullam leo quis diam egestas. Elit consequat morbi id eu congue nunc diam ante purus aenean condimentum amet praesent amet. Dolor id sit wisi eget diam pretium eu amet. Quis ante mi. Nunc et quisque. In sed ligula. Mi placerat nulla eu pretium morbi pretium mollis ipsum. Lacus ac vel. Convallis auctor penatibus eu gravida cubilia. Vel pede feugiat." },
				{"id":12, "_pt":"Parcerias (1+2)", "hex":"#b9c17f", "about":"Vitae dapibus vestibulum. Pellentesque at a. Risus platea tempus. Blandit proin dignissim porta eu ut sollicitudin vel adipiscing. Neque nulla eleifend mauris wisi commodo amet tellus ligula nulla eleifend pellentesque." }
			]
		},
		"purpose":{
			"_pt": "propósito" ,
			"itens":[
				{"id":1, "_pt":"Empoderamento"},
				{"id":2, "_pt":"Incidência"}
			]
		},
		"financier":{
			"_pt": "financiador" ,
			"itens":[
				{"id":1, "_pt":"não"},
				{"id":2, "_pt":"sim"}
			]
		},
		"coverage":{
			"_pt": "abrangência" ,
			"itens":[
				{"id":1, "_pt":"Local"},
				{"id":2, "_pt":"Nacional"},
				{"id":3, "_pt":"Regional"},
				{"id":4, "_pt":"Internacional"}
			]
		},
		"type":{
			"_pt": "tipo" ,
			"itens":[
				{	"id":1,
					"_pt": "Tecnologias Sociais",
					"itens":[
						{"_pt":"wiki"},
						{"_pt":"campanha"},
						{"_pt":"ocupação"},
						{"_pt":"jogo"},
						{"_pt":"encontro"},
						{"_pt":"laboratório"}
					]
				},
				{	"id":2,
					"_pt": "Tecnologia Digital",
					"itens":[
						{"_pt":"aplicativo"},
						{"_pt":"plataforma"},
						{"_pt":"plugin"},
						{"_pt":"site"},
						{"_pt":"blog"}
					]
				},
				{	"id":3,
					"_pt": "Evento",
					"itens":[
						{"_pt":"colóquio"},
						{"_pt":"seminário"},
						{"_pt":"forum"},
						{"_pt":"hackton"}
					]
				},
				{	"id":4,
					"_pt": "Publicações/Estudos",
					"itens":[
						{"_pt":"pesquisas"},
						{"_pt":"livros"},
						{"_pt":"artigos"},
						{"_pt":"estudos"}
					]
				},
				{	"id":5,
					"_pt": "Prêmios/Concursos",
					"itens":[
						{"_pt":"editais"},
						{"_pt":"prêmios"},
						{"_pt":"concursos"}
					]
				}
			]
		},
		"origin":{
			"_pt": "origem" ,
			"itens":[
				{"id":1, "_pt":"Brasil", "_en":"Brazil" },
				{"id":2, "_pt":"Colombia"},
				{"id":3, "_pt":"Peru" },
				{"id":4, "_pt":"Argentina" },
				{"id":5, "_pt":"Equador" }
			]
		}
	}
}
